{"cameraMode":{"drawMode":0,"name":"Shaded","section":"Shading Mode"},"sceneLighting":true,"audioPlay":false,"sceneViewState":{"m_AlwaysRefresh":false,"showFog":true,"showSkybox":true,"showFlares":true,"showImageEffects":true,"showParticleSystems":true,"showVisualEffectGraphs":true,"m_FxEnabled":true},"in2DMode":false,"pivot":{"x":3.734010696411133,"y":1.5434391498565674,"z":1.7719507217407227},"rotation":{"x":0.14724868535995484,"y":0.11543869227170944,"z":-0.01731201820075512,"w":0.9822090268135071},"size":5.992915153503418,"orthographic":false}