{"cameraMode":{"drawMode":0,"name":"Shaded","section":"Shading Mode"},"sceneLighting":false,"audioPlay":false,"sceneViewState":{"m_AlwaysRefresh":false,"showFog":true,"showSkybox":false,"showFlares":true,"showImageEffects":true,"showParticleSystems":true,"showVisualEffectGraphs":true,"m_FxEnabled":true},"in2DMode":false,"pivot":{"x":1.1920928955078126e-7,"y":0.059999994933605197,"z":-7.510000228881836},"rotation":{"x":0.36666637659072878,"y":-0.13741642236709596,"z":0.05485807731747627,"w":0.9185236692428589},"size":1.3430558443069459,"orthographic":false}