{"cameraMode":{"drawMode":0,"name":"Shaded","section":"Shading Mode"},"sceneLighting":false,"audioPlay":false,"sceneViewState":{"m_AlwaysRefresh":false,"showFog":true,"showSkybox":false,"showFlares":true,"showImageEffects":true,"showParticleSystems":true,"showVisualEffectGraphs":true,"m_FxEnabled":true},"in2DMode":false,"pivot":{"x":1.1920928955078126e-7,"y":0.059999994933605197,"z":-7.510000228881836},"rotation":{"x":0.13207632303237916,"y":-0.24701930582523347,"z":0.034007102251052859,"w":0.9593760371208191},"size":1.6907414197921754,"orthographic":false}